Time,User,Target
13,1860.0,1080.0
31,1860.0,1083.0
44,1860.0,1086.0
55,1860.0,1089.0
69,1860.0,1092.0
82,1860.0,1095.0
90,1860.0,1098.0
105,1860.0,1101.0
119,1860.0,1104.0
130,1860.0,1107.0
146,1860.0,1110.0
156,1860.0,1113.0
172,1860.0,1116.0
188,1860.0,1119.0
200,1860.0,1122.0
210,1860.0,1125.0
224,1860.0,1128.0
237,1860.0,1131.0
249,1860.0,1134.0
262,1860.0,1137.0
275,1860.0,1140.0
287,1860.0,1143.0
301,1860.0,1146.0
313,1860.0,1149.0
323,1860.0,1152.0
337,1860.0,1155.0
351,1860.0,1158.0
360,1860.0,1161.0
372,1860.0,1164.0
386,1860.0,1167.0
395,1860.0,1170.0
409,1860.0,1173.0
422,1860.0,1176.0
437,1860.0,1179.0
449,1860.0,1182.0
464,1860.0,1185.0
476,1860.0,1188.0
487,1860.0,1191.0
503,1860.0,1194.0
515,1860.0,1197.0
524,1860.0,1200.0
537,1860.0,1203.0
551,1860.0,1206.0
560,1860.0,1209.0
577,1860.0,1212.0
588,1860.0,1215.0
602,1860.0,1218.0
617,1860.0,1221.0
629,1860.0,1224.0
643,1860.0,1227.0
657,1860.0,1230.0
673,1860.0,1233.0
687,1860.0,1236.0
704,1860.0,1239.0
717,1860.0,1242.0
728,1860.0,1245.0
743,1860.0,1248.0
755,1860.0,1251.0
769,1860.0,1254.0
785,1860.0,1257.0
794,1860.0,1260.0
811,1860.0,1263.0
823,1860.0,1266.0
836,1860.0,1269.0
851,1860.0,1272.0
862,1860.0,1275.0
875,1860.0,1278.0
889,1860.0,1281.0
904,1860.0,1284.0
917,1860.0,1287.0
933,1860.0,1290.0
946,1860.0,1293.0
964,1860.0,1296.0
976,1833.493,1299.0
989,1833.493,1302.0
1000,1833.493,1305.0
1017,1691.8014,1308.0
1026,1691.8014,1311.0
1040,1581.918,1314.0
1054,1581.918,1317.0
1066,1429.6235,1320.0
1078,1429.6235,1323.0
1092,1429.6235,1326.0
1110,1261.425,1329.0
1126,1261.425,1332.0
1142,1105.275,1335.0
1154,1105.275,1338.0
1174,985.75275,1341.0
1183,985.75275,1344.0
1192,880.2069,1347.0
1226,786.7097,1350.0
1236,786.7097,1353.0
1258,641.1625,1356.0
1266,641.1625,1359.0
1290,518.2667,1362.0
1301,518.2667,1365.0
1319,485.4945,1368.0
1329,485.4945,1371.0
1346,530.3153,1374.0
1367,530.3153,1377.0
1386,533.68884,1380.0
1397,533.68884,1383.0
1411,526.94165,1386.0
1434,526.94165,1389.0
1451,523.568,1392.0
1463,523.568,1395.0
1478,579.95557,1398.0
1492,579.95557,1401.0
1507,695.6222,1404.0
1521,695.6222,1407.0
1536,824.7833,1410.0
1551,824.7833,1413.0
1563,908.64166,1416.0
1579,908.64166,1419.0
1590,908.64166,1422.0
1604,1016.1153,1425.0
1620,1016.1153,1428.0
1633,1155.8792,1431.0
1643,1155.8792,1434.0
1661,1323.1139,1437.0
1680,1323.1139,1440.0
1692,1513.9639,1443.0
1711,1513.9639,1446.0
1731,1643.6069,1449.0
1743,1643.6069,1452.0
1758,1819.0347,1455.0
1775,1819.0347,1458.0
1789,1859.0361,1461.0
1803,1859.0361,1464.0
1818,1860.0,1467.0
1828,1860.0,1470.0
1848,1860.0,1473.0
1857,1860.0,1476.0
1870,1860.0,1479.0
1883,1860.0,1482.0
1893,1860.0,1485.0
1907,1860.0,1488.0
1921,1860.0,1491.0
1930,1860.0,1494.0
1942,1860.0,1497.0
1956,1860.0,1500.0
1967,1860.0,1503.0
1981,1860.0,1506.0
1993,1860.0,1509.0
2008,1860.0,1512.0
2023,1860.0,1515.0
2037,1860.0,1518.0
2050,1860.0,1521.0
2065,1860.0,1524.0
2076,1860.0,1527.0
2088,1860.0,1530.0
2104,1860.0,1533.0
2113,1860.0,1536.0
2125,1860.0,1539.0
2145,1860.0,1542.0
2155,1860.0,1545.0
2179,1860.0,1548.0
2188,1860.0,1551.0
2199,1860.0,1554.0
2216,1860.0,1557.0
2230,1860.0,1560.0
2243,1860.0,1563.0
2261,1860.0,1566.0
2277,1860.0,1569.0
2294,1860.0,1572.0
2312,1860.0,1575.0
2329,1860.0,1578.0
2346,1860.0,1581.0
2360,1860.0,1584.0
2379,1860.0,1587.0
2391,1860.0,1590.0
2405,1860.0,1593.0
2418,1860.0,1596.0
2426,1860.0,1599.0
2443,1832.5292,1602.0
2457,1832.5292,1605.0
2468,1717.8264,1608.0
2478,1717.8264,1611.0
2494,1597.8223,1614.0
2510,1597.8223,1617.0
2522,1597.8223,1620.0
2540,1499.5056,1623.0
2553,1499.5056,1626.0
2564,1433.4791,1629.0
2584,1433.4791,1632.0
2592,1383.3569,1635.0
2605,1383.3569,1638.0
2618,1325.5237,1641.0
2628,1325.5237,1644.0
2644,1325.5237,1647.0
2659,1264.7986,1650.0
2677,1264.7986,1653.0
2698,1194.9167,1656.0
2711,1126.9624,1659.0
2728,1126.9624,1662.0
2745,1077.8042,1665.0
2754,1077.8042,1668.0
2766,1077.8042,1671.0
2780,1059.0083,1674.0
2792,1059.0083,1677.0
2806,1023.8264,1680.0
2820,1023.8264,1683.0
2831,1023.8264,1686.0
2844,983.825,1689.0
2860,983.825,1692.0
2874,936.5945,1695.0
2890,936.5945,1698.0
2906,874.9056,1701.0
2916,874.9056,1704.0
2929,842.13336,1707.0
2942,842.13336,1710.0
2956,842.13336,1713.0
2974,811.77075,1716.0
2983,811.77075,1719.0
2995,725.0209,1722.0
3009,725.0209,1725.0
3021,751.5277,1728.0
3030,751.5277,1731.0
3049,751.5277,1734.0
3058,569.3528,1737.0
3066,569.3528,1740.0
3091,558.26807,1743.0
3103,558.26807,1746.0
3118,557.3042,1749.0
3133,557.3042,1752.0
3149,596.8236,1755.0
3166,596.8236,1758.0
3186,636.343,1761.0
3195,636.343,1764.0
3210,674.4166,1767.0
3229,674.4166,1770.0
3251,764.5403,1773.0
3262,764.5403,1776.0
3275,845.025,1779.0
3294,845.025,1782.0
3310,894.6652,1785.0
3325,894.6652,1788.0
3340,1005.0306,1791.0
3355,1005.0306,1794.0
3369,1146.2402,1797.0
3386,1146.2402,1800.0
3398,1313.475,1803.0
3410,1313.475,1806.0
3428,1449.3833,1809.0
3443,1449.3833,1812.0
3457,1526.9763,1815.0
3469,1526.9763,1818.0
3488,1653.7278,1821.0
3499,1653.7278,1824.0
3514,1653.7278,1827.0
3526,1779.5153,1830.0
3541,1779.5153,1833.0
3557,1857.5903,1836.0
3569,1857.5903,1839.0
3585,1860.0,1842.0
3596,1860.0,1845.0
3617,1860.0,1848.0
3636,1860.0,1851.0
3653,1860.0,1854.0
3666,1860.0,1857.0
3687,1860.0,1860.0
3700,1860.0,1863.0
3723,1860.0,1860.0
3737,1860.0,1857.0
3753,1860.0,1854.0
3762,1860.0,1851.0
3772,1642.6431,1848.0
3796,1642.6431,1845.0
3811,1569.3875,1842.0
3819,1569.3875,1839.0
3830,1565.532,1836.0
3844,1565.532,1833.0
3861,1565.05,1830.0
3880,1565.05,1827.0
3892,1565.05,1824.0
3907,1565.05,1821.0
3920,1565.05,1818.0
3931,1565.05,1815.0
3948,1565.05,1812.0
3959,1564.5681,1809.0
3971,1564.5681,1806.0
3987,1565.05,1803.0
3995,1565.05,1800.0
4011,1565.05,1797.0
4025,1564.5681,1794.0
4038,1564.5681,1791.0
4052,1564.5681,1788.0
4063,1564.5681,1785.0
4077,1565.05,1782.0
4091,1565.05,1779.0
4105,1565.05,1776.0
4121,1565.05,1773.0
4132,1565.05,1770.0
4153,1565.05,1767.0
4167,1565.05,1764.0
4188,1564.5681,1761.0
4208,1564.5681,1758.0
4215,1564.5681,1755.0
4224,1564.5681,1752.0
4239,1564.5681,1749.0
4262,1564.5681,1746.0
4279,1564.5681,1743.0
4287,1564.5681,1740.0
4297,1565.05,1737.0
4315,1565.05,1734.0
4332,1564.5681,1731.0
4343,1564.5681,1728.0
4356,1564.5681,1725.0
4374,1564.5681,1722.0
4383,1564.5681,1719.0
4394,1565.05,1716.0
4409,1565.05,1713.0
4421,1565.05,1710.0
4433,1565.05,1707.0
4450,1565.05,1704.0
4460,1565.05,1701.0
4473,1565.05,1698.0
4489,1564.5681,1695.0
4499,1564.5681,1692.0
4513,1565.05,1689.0
4527,1565.05,1686.0
4539,1565.05,1683.0
4553,1565.05,1680.0
4563,1565.05,1677.0
4578,1564.5681,1674.0
4592,1564.5681,1671.0
4603,1564.5681,1668.0
4618,1564.5681,1665.0
4630,1564.5681,1662.0
4647,1564.5681,1659.0
4662,1564.5681,1656.0
4680,1564.5681,1653.0
4696,1564.5681,1650.0
4713,1564.5681,1647.0
4730,1565.05,1644.0
4745,1565.05,1641.0
4767,1564.5681,1638.0
4788,1564.5681,1635.0
4798,1564.5681,1632.0
4820,1564.5681,1629.0
4835,1564.5681,1626.0
4851,1564.5681,1623.0
4861,1565.05,1620.0
4877,1565.05,1617.0
4891,1564.5681,1614.0
4903,1564.5681,1611.0
4919,1565.05,1608.0
4929,1565.05,1605.0
4945,1564.5681,1602.0
4959,1564.5681,1599.0
4971,1564.5681,1596.0
4987,1564.5681,1593.0
4997,1564.5681,1590.0
5013,1564.5681,1587.0
5026,1564.5681,1584.0
5040,1564.5681,1581.0
5056,1564.5681,1578.0
5064,1564.5681,1575.0
5083,1564.5681,1572.0
5095,1564.5681,1569.0
5109,1564.5681,1566.0
5125,1564.5681,1563.0
5136,1564.5681,1560.0
5152,1564.5681,1557.0
5166,1564.5681,1554.0
5186,1564.5681,1551.0
5197,1565.05,1548.0
5216,1565.05,1545.0
5226,1564.5681,1542.0
5234,1564.5681,1539.0
5249,1564.5681,1536.0
5273,1564.5681,1533.0
5289,1564.5681,1530.0
5299,1564.5681,1527.0
5313,1564.5681,1524.0
5332,1564.5681,1521.0
5346,1564.5681,1518.0
5361,1565.05,1515.0
5380,1564.5681,1512.0
5391,1564.5681,1509.0
5409,1564.5681,1506.0
5423,1565.05,1503.0
5433,1565.05,1500.0
5451,1565.05,1497.0
5461,1565.05,1494.0
5474,1564.5681,1491.0
5490,1564.5681,1488.0
5498,1564.5681,1485.0
5517,1565.05,1482.0
5529,1565.05,1479.0
5542,1564.5681,1476.0
5557,1564.5681,1473.0
5568,1564.5681,1470.0
5584,1564.5681,1467.0
5596,1564.5681,1464.0
5610,1564.5681,1461.0
5624,1564.5681,1458.0
5638,1564.5681,1455.0
5655,1564.5681,1452.0
5667,1565.05,1449.0
5684,1565.05,1446.0
5698,1564.5681,1443.0
5712,1564.5681,1440.0
5725,1565.05,1437.0
5743,1565.05,1434.0
5757,1564.5681,1431.0
5769,1564.5681,1428.0
5790,1565.05,1425.0
5802,1565.05,1422.0
5817,1565.05,1419.0
5830,1565.05,1416.0
5850,1564.5681,1413.0
5862,1564.5681,1410.0
5879,1564.5681,1407.0
5892,1564.5681,1404.0
5911,1564.5681,1401.0
5927,1564.5681,1398.0
5946,1564.5681,1395.0
5957,1564.5681,1392.0
5975,1564.5681,1389.0
5990,1564.5681,1386.0
5998,1564.5681,1383.0
6018,1565.05,1380.0
6026,1565.05,1377.0
6042,1564.5681,1374.0
6055,1564.5681,1371.0
6065,1565.05,1368.0
6079,1565.05,1365.0
6093,1564.5681,1362.0
6104,1564.5681,1359.0
6121,1564.5681,1356.0
6132,1564.5681,1353.0
6151,1564.5681,1350.0
6165,1564.5681,1347.0
6184,1564.5681,1344.0
6198,1564.5681,1341.0
6217,1564.5681,1338.0
6231,1564.5681,1335.0
6248,1565.05,1332.0
6262,1565.05,1329.0
6278,1565.05,1326.0
6295,1564.5681,1323.0
6315,1564.5681,1320.0
6325,1564.5681,1317.0
6339,1564.5681,1314.0
6357,1564.5681,1311.0
6372,1564.5681,1308.0
6387,1564.5681,1305.0
6396,1564.5681,1302.0
6410,1564.5681,1299.0
6425,1564.5681,1296.0
6441,1565.05,1293.0
6459,1565.05,1290.0
6470,1565.05,1287.0
6485,1565.05,1284.0
6497,1564.5681,1281.0
6512,1564.5681,1278.0
6530,1565.05,1275.0
6546,1565.05,1272.0
6561,1564.5681,1269.0
6580,1564.5681,1266.0
6595,1565.05,1263.0
6609,1565.05,1260.0
6626,1564.5681,1257.0
6640,1564.5681,1254.0
6658,1564.5681,1251.0
6670,1564.5681,1248.0
6687,1564.5681,1245.0
6702,1564.5681,1242.0
6720,1565.05,1239.0
6731,1565.05,1236.0
6752,1565.05,1233.0
6761,1565.05,1230.0
6775,1565.05,1227.0
6793,1565.05,1224.0
6814,1564.5681,1221.0
6831,1564.5681,1218.0
6849,1565.05,1215.0
6872,1564.5681,1212.0
6890,1564.5681,1209.0
6901,1565.05,1206.0
6912,1565.05,1203.0
6925,1565.05,1200.0
6936,1565.05,1197.0
6952,1565.05,1194.0
6962,1564.5681,1191.0
6975,1564.5681,1188.0
6990,1564.5681,1185.0
6999,1564.5681,1182.0
7014,1564.5681,1179.0
7028,1564.5681,1176.0
7042,1564.5681,1173.0
7057,1564.5681,1170.0
7066,1564.5681,1167.0
7083,1564.5681,1164.0
7094,1564.5681,1161.0
7105,1564.5681,1158.0
7124,1564.5681,1155.0
7136,1564.5681,1152.0
7153,1564.5681,1149.0
7163,1564.5681,1146.0
7177,1564.5681,1143.0
7196,1565.05,1140.0
7210,1565.05,1137.0
7226,1565.05,1134.0
7240,1565.05,1131.0
7256,1564.5681,1128.0
7270,1564.5681,1125.0
7288,1565.05,1122.0
7300,1565.05,1119.0
7319,1565.05,1116.0
7333,1565.05,1113.0
7344,1565.05,1110.0
7358,1565.05,1107.0
7371,1564.5681,1104.0
7392,1564.5681,1101.0
7401,1564.5681,1098.0
7412,1564.5681,1095.0
7426,1564.5681,1092.0
7435,1564.5681,1089.0
7451,1564.5681,1086.0
7462,1565.05,1083.0
7476,1565.05,1080.0
7493,1564.5681,1077.0
7505,1564.5681,1074.0
7523,1565.05,1071.0
7532,1565.05,1068.0
7549,1565.05,1065.0
7561,1565.05,1062.0
7574,1565.05,1059.0
7590,1565.05,1056.0
7600,1565.05,1053.0
7617,1564.5681,1050.0
7630,1564.5681,1047.0
7644,1564.5681,1044.0
7659,1564.5681,1041.0
7669,1564.5681,1038.0
7689,1565.05,1035.0
7701,1565.05,1032.0
7721,1565.05,1029.0
7734,1565.05,1026.0
7752,1564.5681,1023.0
7766,1564.5681,1020.0
7784,1564.5681,1017.0
7799,1564.5681,1014.0
7812,1564.5681,1011.0
7828,1564.5681,1008.0
7843,1564.5681,1005.0
7860,1564.5681,1002.0
7877,1564.5681,999.0
7899,1564.086,996.0
7920,1564.086,993.0
7931,1564.5681,990.0
7950,1564.5681,987.0
7963,1564.5681,984.0
7974,1564.5681,981.0
7991,1564.5681,978.0
8000,1564.5681,975.0
8019,1565.05,972.0
8031,1565.05,969.0
8043,1565.05,966.0
8059,1564.5681,963.0
8067,1564.5681,960.0
8087,1564.5681,957.0
8098,1564.5681,954.0
8112,1564.5681,951.0
8129,1564.5681,948.0
8140,1565.05,945.0
8155,1565.05,942.0
8170,1565.05,939.0
8190,1564.5681,936.0
8203,1565.05,933.0
8223,1565.05,930.0
8237,1581.436,927.0
8255,1581.436,924.0
8267,1540.9528,921.0
8285,1540.9528,918.0
8301,1428.6597,915.0
8319,1428.6597,912.0
8333,1333.2347,909.0
8349,1333.2347,906.0
8361,1245.5209,903.0
8379,1245.5209,900.0
8398,1113.468,897.0
8416,1113.468,894.0
8439,1065.2737,891.0
8457,1039.2487,888.0
8480,1039.2487,885.0
8492,925.02783,882.0
8501,925.02783,879.0
8521,815.62634,876.0
8530,815.62634,873.0
8543,815.62634,870.0
8558,668.6333,867.0
8567,668.6333,864.0
8583,590.0764,861.0
8595,590.0764,858.0
8608,619.4751,855.0
8623,619.4751,852.0
8632,619.4751,849.0
8644,705.74304,846.0
8660,705.74304,843.0
8671,699.4778,840.0
8687,699.4778,837.0
8700,665.25977,834.0
8715,665.25977,831.0
8732,635.37915,828.0
8749,635.37915,825.0
8766,628.63196,822.0
8785,628.63196,819.0
8800,615.1376,816.0
8817,615.1376,813.0
8834,598.26953,810.0
8854,561.6417,807.0
8868,561.6417,804.0
8881,561.6417,801.0
8902,567.42505,798.0
8919,592.00415,795.0
8928,592.00415,792.0
8937,592.00415,789.0
8958,598.26953,786.0
8970,598.26953,783.0
8982,588.1487,780.0
8996,588.1487,777.0
9008,588.1487,774.0
9025,614.1736,771.0
9038,626.7042,768.0
9058,626.7042,765.0
9073,653.21106,762.0
9087,653.21106,759.0
9101,686.94727,756.0
9120,686.94727,753.0
9132,708.63477,750.0
9148,708.63477,747.0
9162,708.63477,744.0
9179,752.97363,741.0
9196,777.0708,738.0
9211,777.0708,735.0
9227,754.90137,732.0
9238,754.90137,729.0
9256,725.98474,726.0
9265,725.98474,723.0
9275,725.98474,720.0
9292,722.1293,717.0
9300,722.1293,714.0
9316,722.1293,711.0
9330,746.2263,708.0
9348,746.2263,705.0
9366,779.9625,702.0
9384,785.2639,699.0
9400,785.2639,696.0
9418,778.0348,693.0
9439,778.0348,690.0
9453,772.7333,687.0
9463,772.7333,684.0
9476,773.2152,681.0
9501,773.2152,678.0
9517,768.3959,675.0
9528,768.3959,672.0
9540,742.37085,669.0
9555,742.37085,666.0
9565,742.37085,663.0
9575,743.3347,660.0
9588,743.3347,657.0
9602,776.58887,654.0
9622,776.58887,651.0
9629,799.7223,648.0
9648,799.7223,645.0
9661,832.9763,642.0
9671,832.9763,639.0
9683,832.9763,636.0
9694,845.98883,633.0
9707,845.98883,630.0
9720,845.98883,627.0
9730,835.3861,624.0
9741,835.3861,621.0
9755,829.1207,618.0
9766,829.1207,615.0
9780,829.1207,612.0
9790,818.51807,609.0
9798,818.51807,606.0
9811,818.51807,603.0
9834,811.28894,600.0
9863,793.93896,597.0
9889,778.5167,594.0
9907,778.5167,591.0
9925,776.10693,588.0
9933,776.10693,585.0
9944,777.0708,582.0
9959,777.0708,579.0
9976,765.9861,576.0
9995,765.9861,573.0
10004,733.6959,570.0
10023,733.6959,567.0
10039,719.7195,564.0
10054,719.7195,561.0
10063,719.7195,558.0
10078,712.49036,555.0
10094,712.49036,552.0
10101,736.5875,549.0
10114,736.5875,546.0
10129,697.0681,543.0
10139,697.0681,540.0
10151,697.0681,537.0
10166,655.1389,534.0
10176,655.1389,531.0
10188,626.7042,528.0
10200,626.7042,525.0
10213,626.7042,522.0
10229,634.4153,519.0
10242,634.4153,516.0
10259,636.8251,513.0
10269,636.8251,510.0
10286,625.2584,507.0
10300,625.2584,504.0
10313,603.5708,501.0
10329,603.5708,498.0
10343,594.41394,495.0
10361,594.41394,492.0
10372,594.41394,489.0
10386,600.6791,486.0
10407,611.7639,483.0
10425,611.7639,480.0
10434,611.7639,477.0
10446,592.968,474.0
10466,583.81116,471.0
10485,583.81116,468.0
10497,601.16113,465.0
10508,601.16113,462.0
10529,610.318,459.0
10546,610.318,456.0
10558,596.3417,453.0
10572,596.3417,450.0
10590,606.4624,447.0
10599,606.4624,444.0
10610,606.4624,441.0
10622,614.6555,438.0
10633,614.6555,435.0
10644,614.6555,432.0
10661,621.88464,429.0
10672,621.88464,426.0
10688,625.2584,423.0
10700,625.2584,420.0
10711,625.2584,417.0
10723,611.7639,414.0
10733,611.7639,411.0
10746,576.5819,408.0
10762,576.5819,405.0
10773,576.5819,402.0
10791,538.5083,399.0
10803,538.5083,396.0
10816,500.91663,393.0
10827,500.91663,390.0
10837,500.91663,387.0
10854,494.16943,384.0
10868,494.16943,381.0
10883,499.95276,378.0
10899,499.95276,375.0
10912,512.00134,372.0
10926,512.00134,369.0
10943,480.1931,366.0
10958,480.1931,363.0
10973,462.84302,360.0
10991,462.84302,357.0
11007,451.7583,354.0
11029,462.84302,351.0
11040,462.84302,348.0
11056,482.60278,345.0
11065,482.60278,342.0
11077,482.60278,339.0
11093,484.0487,336.0
11102,484.0487,333.0
11113,484.0487,330.0
11130,482.12085,327.0
11141,482.12085,324.0
11159,474.8916,321.0
11171,474.8916,318.0
11187,464.28894,315.0
11199,464.28894,312.0
11213,424.28748,309.0
11230,424.28748,306.0
11241,402.6001,303.0
11258,402.6001,300.0
11270,402.6001,297.0
11288,383.80408,294.0
11300,383.80408,291.0
11316,413.20276,288.0
11329,413.20276,285.0
11349,419.95007,282.0
11363,419.95007,279.0
11377,406.45557,276.0
11393,406.45557,273.0
11411,391.9972,270.0
11428,362.59863,267.0
11448,362.59863,264.0
11464,351.51392,261.0
11486,351.51392,258.0
11510,366.4541,255.0
11530,379.46667,252.0
11547,379.46667,249.0
11562,391.9972,246.0
11570,391.9972,243.0
11589,396.33472,240.0
11600,396.33472,237.0
11609,396.33472,234.0
11626,400.67224,231.0
11635,400.67224,228.0
11649,381.87634,225.0
11665,381.87634,222.0
11677,359.7069,219.0
11694,359.7069,216.0
11704,359.7069,213.0
11715,346.21252,210.0
11724,346.21252,207.0
11739,341.875,204.0
11754,341.875,201.0
11771,345.24854,198.0
11785,345.24854,195.0
11795,345.24854,192.0
11807,332.71814,189.0
11826,332.71814,186.0
11834,317.2959,183.0
11849,317.2959,180.0
11858,317.2959,177.0
11868,301.39172,174.0
11886,301.39172,171.0
11898,260.4264,168.0
11908,260.4264,165.0
11923,253.19727,162.0
11931,253.19727,159.0
11945,253.19727,156.0
11960,251.75146,153.0
11970,251.75146,150.0
11979,251.75146,147.0
11999,234.40137,144.0
12017,220.42505,141.0
12025,220.42505,138.0
12036,220.42505,135.0
12058,209.34021,132.0
12076,209.34021,129.0
12092,187.1709,126.0
12101,187.1709,123.0
12113,177.04993,126.0
12127,177.04993,129.0
12137,177.04993,132.0
12152,200.18335,135.0
12166,200.18335,138.0
12179,207.89441,141.0
12196,207.89441,144.0
12207,217.53333,147.0
12224,217.53333,150.0
12234,258.49866,153.0
12246,258.49866,156.0
12256,258.49866,159.0
12269,262.83618,162.0
12282,262.83618,165.0
12299,246.44995,168.0
12311,246.44995,171.0
12334,274.40283,174.0
12348,274.40283,177.0
12365,302.35547,180.0
12375,302.35547,183.0
12393,321.6333,186.0
12408,321.6333,189.0
12424,317.2959,192.0
12437,317.2959,195.0
12451,337.05554,198.0
12462,337.05554,201.0
12482,352.47778,204.0
12490,352.47778,207.0
12508,352.47778,210.0
12524,338.50146,213.0
12534,338.50146,216.0
12544,338.50146,219.0
12567,338.50146,222.0
12586,329.34448,225.0
12600,329.34448,228.0
12619,343.3208,231.0
12628,343.3208,234.0
12637,360.18896,237.0
12658,360.18896,240.0
12665,360.18896,243.0
12678,358.74304,246.0
12690,358.74304,249.0
12703,368.38196,252.0
12717,368.38196,255.0
12731,382.35828,258.0
12741,382.35828,261.0
12754,382.35828,264.0
12769,405.00964,267.0
12785,405.00964,270.0
12799,428.625,273.0
12818,428.625,276.0
12829,396.33472,279.0
12843,396.33472,282.0
12856,365.9723,285.0
12873,365.9723,288.0
12888,386.21387,291.0
12897,386.21387,294.0
12911,386.21387,297.0
12927,396.81677,300.0
12934,396.81677,303.0
12949,364.04443,306.0
12967,364.04443,309.0
12976,364.04443,312.0
12988,365.9723,315.0
13004,365.9723,318.0
13019,362.59863,321.0
13036,362.59863,324.0
13050,353.44165,327.0
13060,353.44165,330.0
13079,377.057,333.0
13090,377.057,336.0
13103,377.057,339.0
13116,369.82788,342.0
13132,369.82788,345.0
13144,382.84033,348.0
13156,382.84033,351.0
13172,421.8778,354.0
13188,421.8778,357.0
13207,409.34717,360.0
13221,409.34717,363.0
13235,400.67224,366.0
13250,400.67224,369.0
13261,401.15417,372.0
13276,401.15417,375.0
13289,401.15417,378.0
13304,414.64856,381.0
13317,414.64856,384.0
13330,415.1305,387.0
13349,415.1305,390.0
13357,404.52783,393.0
13370,404.52783,396.0
13384,410.79297,399.0
13401,410.79297,402.0
13412,410.79297,405.0
13430,412.72083,408.0
13442,412.72083,411.0
13453,401.15417,414.0
13469,401.15417,417.0
13483,421.8778,420.0
13498,421.8778,423.0
13513,428.625,426.0
13524,428.625,429.0
13541,435.3723,432.0
13563,435.3723,435.0
13572,457.0597,438.0
13592,457.0597,441.0
13608,469.10828,444.0
13625,469.10828,447.0
13634,481.63892,450.0
13651,481.63892,453.0
13666,484.53052,456.0
13679,484.53052,459.0
13695,506.21802,462.0
13704,506.21802,465.0
13716,506.21802,468.0
13731,505.25427,471.0
13741,505.25427,474.0
13754,505.25427,477.0
13769,507.66382,480.0
13780,507.66382,483.0
13797,530.7971,486.0
13807,530.7971,489.0
13827,547.6653,492.0
13837,547.6653,495.0
13850,549.1111,498.0
13861,549.1111,501.0
13877,549.1111,504.0
13888,566.9431,507.0
13900,566.9431,510.0
13915,568.3889,513.0
13934,568.3889,516.0
13943,575.1361,519.0
13957,575.1361,522.0
13973,593.932,525.0
13986,593.932,528.0
13997,593.932,531.0
14015,604.53467,534.0
14029,604.53467,537.0
14040,616.1013,540.0
14059,616.1013,543.0
14073,623.8125,546.0
14094,623.8125,549.0
14117,627.18616,552.0
14131,628.63196,555.0
14152,628.63196,558.0
14168,623.33057,561.0
14188,623.33057,564.0
14206,627.18616,567.0
14216,627.18616,570.0
14227,625.2584,573.0
14244,625.2584,576.0
14256,627.18616,579.0
14269,627.18616,582.0
14282,627.18616,585.0
14297,633.4513,588.0
14305,633.4513,591.0
14320,636.8251,594.0
14334,636.8251,597.0
14347,626.7042,600.0
14365,626.7042,603.0
14375,626.7042,606.0
14390,638.2709,609.0
14403,638.2709,612.0
14416,645.01807,615.0
14430,645.01807,618.0
14439,634.8972,621.0
14455,634.8972,624.0
14470,629.5958,627.0
14483,629.5958,630.0
14495,629.5958,633.0
14513,625.74023,636.0
14524,625.74023,639.0
14538,643.0902,642.0
14561,643.0902,645.0
14572,658.51245,648.0
14586,658.51245,651.0
14606,669.11523,654.0
14620,669.11523,657.0
14634,668.15137,660.0
14644,668.15137,663.0
14661,660.4403,666.0
14672,660.4403,669.0
14685,660.4403,672.0
14702,644.53613,675.0
14713,644.53613,678.0
14731,634.4153,681.0
14740,634.4153,684.0
14756,634.4153,687.0
14770,634.4153,690.0
14783,632.9695,693.0
14797,632.9695,696.0
14806,632.9695,699.0
14820,629.5958,702.0
14835,629.5958,705.0
14846,655.1389,708.0
14856,655.1389,711.0
14870,655.1389,714.0
14883,684.5375,717.0
14892,684.5375,720.0
14908,694.1764,723.0
14919,694.1764,726.0
14933,694.1764,729.0
14946,700.9237,732.0
14961,700.9237,735.0
14972,708.63477,738.0
14984,708.63477,741.0
15001,713.4541,744.0
15014,713.4541,747.0
15027,713.4541,750.0
15041,719.2374,753.0
15055,719.2374,756.0
15068,715.8639,759.0
15086,715.8639,762.0
15099,697.5499,765.0
15107,697.5499,768.0
15121,697.0681,771.0
15141,697.0681,774.0
15161,711.52637,777.0
15174,711.52637,780.0
15190,737.5514,783.0
15206,737.5514,786.0
15220,744.7805,789.0
15237,744.7805,792.0
15251,752.4917,795.0
15263,752.4917,798.0
15275,765.9861,801.0
15288,765.9861,804.0
15304,765.9861,807.0
15318,772.25146,810.0
15333,772.25146,813.0
15350,779.9625,816.0
15358,779.9625,819.0
15375,779.9625,822.0
15388,779.9625,825.0
15402,776.58887,828.0
15413,776.58887,831.0
15432,777.55273,834.0
15441,777.55273,837.0
15456,777.55273,840.0
15470,778.0348,843.0
15483,778.0348,846.0
15495,784.78186,849.0
15510,784.78186,852.0
15526,798.27637,855.0
15543,798.27637,858.0
15557,811.28894,861.0
15572,811.28894,864.0
15588,823.3374,867.0
15605,823.3374,870.0
15623,836.832,873.0
15639,836.832,876.0
15658,855.1459,879.0
15670,855.1459,882.0
15684,861.4111,885.0
15700,861.4111,888.0
15711,868.64026,891.0
15727,868.64026,894.0
15741,853.7,897.0
15754,853.7,900.0
15770,853.7,903.0
15782,832.9763,906.0
15795,832.9763,909.0
15810,845.025,912.0
15823,845.025,915.0
15839,865.26666,918.0
15853,865.26666,921.0
15869,877.31525,924.0
15882,877.31525,927.0
15896,898.03894,930.0
15912,898.03894,933.0
15924,898.03894,936.0
15937,909.6056,939.0
15952,909.6056,942.0
15968,934.6666,945.0
15984,934.6666,948.0
16001,948.643,951.0
16013,948.643,954.0
16033,950.08887,957.0
16041,950.08887,960.0
16054,945.2695,963.0
16068,945.2695,966.0
16077,945.2695,969.0
16091,924.0639,972.0
16100,924.0639,975.0
16117,899.9667,978.0
16132,899.9667,981.0
16140,899.9667,984.0
16150,900.9306,987.0
16178,912.49725,990.0
16196,912.49725,993.0
16205,920.2083,996.0
16219,920.2083,999.0
16233,920.2083,1002.0
16242,921.17224,1005.0
16263,921.17224,1008.0
16272,920.6903,1011.0
16285,920.6903,1014.0
16300,944.78754,1017.0
16311,944.78754,1020.0
16324,944.78754,1023.0
16338,952.4986,1026.0
16348,952.4986,1029.0
16362,937.07635,1032.0
16374,937.07635,1035.0
16387,937.07635,1038.0
16402,923.582,1041.0
16413,923.582,1044.0
16430,908.64166,1047.0
16445,908.64166,1050.0
16457,895.1472,1053.0
16472,895.1472,1056.0
16486,899.48474,1059.0
16500,899.48474,1062.0
16513,899.48474,1065.0
16527,906.7139,1068.0
16542,906.7139,1071.0
16555,908.1597,1074.0
16570,908.1597,1077.0
16588,906.7139,1080.0
16609,914.907,1083.0
16632,914.907,1086.0
16643,934.6666,1089.0
16656,934.6666,1092.0
16681,946.7153,1095.0
16698,946.7153,1098.0
16708,965.0292,1101.0
16725,965.0292,1104.0
16736,979.4875,1107.0
16747,979.4875,1110.0
16761,979.4875,1113.0
16776,1003.1028,1116.0
16790,1003.1028,1119.0
16807,1023.8264,1122.0
16824,1023.8264,1125.0
16839,1029.1277,1128.0
16853,1029.1277,1131.0
16867,996.8375,1134.0
16878,996.8375,1137.0
16893,986.23474,1140.0
16908,986.23474,1143.0
16922,966.9569,1146.0
16935,966.9569,1149.0
16954,966.9569,1152.0
16963,966.9569,1155.0
16974,966.9569,1158.0
16990,1003.5847,1161.0
17003,1003.5847,1164.0
17017,1017.5611,1167.0
17035,1017.5611,1170.0
17043,1042.1404,1173.0
17057,1042.1404,1176.0
17073,1071.5388,1179.0
17086,1071.5388,1182.0
17102,1071.5388,1185.0
17112,1102.3833,1188.0
17125,1102.3833,1191.0
17142,1122.625,1194.0
17157,1122.625,1197.0
17170,1149.6139,1200.0
17180,1149.6139,1203.0
17199,1169.3735,1206.0
17217,1169.3735,1209.0
17233,1174.675,1212.0
17243,1174.675,1215.0
17256,1174.675,1218.0
17273,1190.0972,1221.0
17285,1190.0972,1224.0
17300,1212.2666,1227.0
17312,1212.2666,1230.0
17325,1251.3042,1233.0
17344,1251.3042,1236.0
17360,1259.4972,1239.0
17374,1259.4972,1242.0
17393,1271.0638,1245.0
17409,1271.0638,1248.0
17426,1288.4138,1251.0
17438,1288.4138,1254.0
17452,1300.4625,1257.0
17467,1300.4625,1260.0
17475,1311.5472,1263.0
17489,1311.5472,1266.0
17505,1311.5472,1269.0
17518,1330.343,1272.0
17533,1330.343,1275.0
17543,1362.1514,1278.0
17558,1362.1514,1281.0
17572,1380.4653,1284.0
17587,1380.4653,1287.0
17604,1378.0555,1290.0
17616,1378.0555,1293.0
17627,1378.0555,1296.0
17647,1355.4042,1299.0
17664,1344.3195,1302.0
17673,1344.3195,1305.0
17684,1344.3195,1308.0
17704,1347.6931,1311.0
17719,1347.6931,1314.0
17728,1342.8735,1317.0
17740,1342.8735,1320.0
17755,1350.1028,1323.0
17764,1350.1028,1326.0
17775,1350.1028,1329.0
17792,1342.3916,1332.0
17803,1342.3916,1335.0
17819,1314.439,1338.0
17834,1314.439,1341.0
17843,1314.439,1344.0
17861,1304.8,1347.0
17871,1304.8,1350.0
17885,1305.282,1353.0
17902,1305.282,1356.0
17910,1303.3542,1359.0
17924,1303.3542,1362.0
17941,1304.3181,1365.0
17955,1304.3181,1368.0
17973,1322.632,1371.0
17987,1322.632,1374.0
18001,1322.632,1377.0
18012,1329.3792,1380.0
18027,1329.3792,1383.0
18042,1320.2222,1386.0
18055,1320.2222,1389.0
18072,1313.957,1392.0
18083,1313.957,1395.0
18103,1318.7764,1398.0
18115,1318.7764,1401.0
18126,1318.7764,1404.0
18138,1303.3542,1407.0
18148,1303.3542,1410.0
18168,1292.2694,1413.0
18186,1292.2694,1416.0
18199,1297.5708,1419.0
18212,1297.5708,1422.0
18226,1299.9805,1425.0
18237,1299.9805,1428.0
18257,1297.0889,1431.0
18270,1297.0889,1434.0
18280,1297.0889,1437.0
18296,1305.282,1440.0
18306,1305.282,1443.0
18314,1313.475,1446.0
18336,1313.475,1449.0
18349,1320.2222,1452.0
18363,1320.2222,1455.0
18373,1320.2222,1458.0
18388,1335.1625,1461.0
18403,1335.1625,1464.0
18416,1347.2112,1467.0
18429,1347.2112,1470.0
18440,1348.657,1473.0
18452,1348.657,1476.0
18466,1348.657,1479.0
18480,1333.7167,1482.0
18497,1333.7167,1485.0
18509,1336.1265,1488.0
18524,1336.1265,1491.0
18540,1348.175,1494.0
18553,1348.175,1497.0
18570,1365.043,1500.0
18580,1365.043,1503.0
18599,1380.4653,1506.0
18613,1380.4653,1509.0
18633,1375.6459,1512.0
18645,1375.6459,1515.0
18666,1386.7306,1518.0
18687,1409.8639,1521.0
18703,1409.8639,1524.0
18714,1409.8639,1527.0
18736,1432.9972,1530.0
18750,1445.0459,1533.0
18765,1445.0459,1536.0
18777,1445.0459,1539.0
18793,1474.4445,1542.0
18806,1474.4445,1545.0
18819,1521.675,1548.0
18834,1521.675,1551.0
18846,1513.4819,1554.0
18860,1513.4819,1557.0
18879,1491.7944,1560.0
18894,1491.7944,1563.0
18910,1482.6375,1566.0
18927,1482.6375,1569.0
18937,1462.8778,1572.0
18953,1462.8778,1575.0
18968,1457.0945,1578.0
18982,1457.0945,1581.0
18994,1485.5292,1584.0
19004,1485.5292,1587.0
19018,1485.5292,1590.0
19030,1508.1805,1593.0
19040,1508.1805,1596.0
19055,1508.1805,1599.0
19070,1506.7347,1602.0
19081,1506.7347,1605.0
19102,1519.7472,1608.0
19111,1519.7472,1611.0
19126,1539.507,1614.0
19138,1539.507,1617.0
19153,1511.5542,1620.0
19165,1511.5542,1623.0
19177,1511.5542,1626.0
19198,1480.2278,1629.0
19214,1474.4445,1632.0
19226,1474.4445,1635.0
19247,1455.6486,1638.0
19260,1455.6486,1641.0
19272,1455.6486,1644.0
19284,1440.2263,1647.0
19301,1440.2263,1650.0
19309,1429.6235,1653.0
19322,1429.6235,1656.0
19338,1440.7084,1659.0
19347,1440.7084,1662.0
19362,1440.7084,1665.0
19376,1469.625,1668.0
19390,1469.625,1671.0
19407,1515.8916,1674.0
19420,1515.8916,1677.0
19436,1547.7,1680.0
19444,1547.7,1683.0
19460,1547.7,1686.0
19474,1547.7,1689.0
19488,1547.7,1692.0
19505,1562.1583,1695.0
19516,1562.1583,1698.0
19533,1564.5681,1701.0
19547,1564.5681,1704.0
19564,1551.0736,1707.0
19577,1551.0736,1710.0
19596,1524.5667,1713.0
19609,1524.5667,1716.0
19626,1520.2291,1719.0
19639,1520.2291,1722.0
19648,1540.4708,1725.0
19657,1540.4708,1728.0
19675,1540.4708,1731.0
19685,1564.086,1734.0
19702,1564.086,1737.0
19717,1559.2666,1740.0
19740,1547.218,1743.0
19759,1547.218,1746.0
19771,1574.2069,1749.0
19781,1574.2069,1752.0
19797,1574.2069,1755.0
19810,1595.4125,1758.0
19831,1633.4861,1761.0
19841,1633.4861,1764.0
19855,1633.4861,1767.0
19870,1650.3541,1770.0
19881,1650.3541,1773.0
19901,1657.1013,1776.0
19909,1657.1013,1779.0
19921,1657.1013,1782.0
19939,1649.8722,1785.0
19949,1649.8722,1788.0
19967,1626.257,1791.0
19977,1626.257,1794.0
19991,1627.7028,1797.0
20005,1627.7028,1800.0
20017,1627.7028,1803.0
20032,1650.836,1806.0
20041,1650.836,1809.0
20055,1679.7528,1812.0
20070,1679.7528,1815.0
20079,1679.7528,1818.0
20096,1726.5013,1821.0
20108,1726.5013,1824.0
20121,1776.6237,1827.0
20139,1776.6237,1830.0
20148,1793.9736,1833.0
20167,1793.9736,1836.0
20182,1806.5042,1839.0
20202,1806.5042,1842.0
20214,1802.1666,1845.0
20239,1784.3347,1848.0
20251,1784.3347,1851.0
20264,1784.3347,1854.0
20278,1782.407,1857.0
20297,1796.3833,1860.0
20319,1796.3833,1863.0
20331,1812.2875,1860.0
20340,1812.2875,1857.0
20354,1812.2875,1854.0
20369,1813.7333,1851.0
20379,1813.7333,1848.0
20387,1813.7333,1845.0
20405,1819.0347,1842.0
20416,1819.0347,1839.0
20427,1838.3125,1836.0
20441,1838.3125,1833.0
20453,1857.1083,1830.0
20468,1857.1083,1827.0
20479,1857.1083,1824.0
20494,1860.0,1821.0
20509,1860.0,1818.0
20525,1860.0,1815.0
20542,1860.0,1812.0
20556,1860.0,1809.0
20573,1860.0,1806.0
20585,1860.0,1803.0
20603,1860.0,1800.0
20615,1860.0,1797.0
20632,1860.0,1794.0
20646,1860.0,1791.0
20663,1860.0,1788.0
20678,1860.0,1785.0
20696,1860.0,1782.0
20713,1860.0,1779.0
20733,1860.0,1776.0
20742,1860.0,1773.0
20767,1860.0,1770.0
20783,1860.0,1767.0
20797,1860.0,1764.0
20809,1860.0,1761.0
20819,1860.0,1758.0
20841,1840.2402,1755.0
20854,1840.2402,1752.0
20869,1797.3472,1749.0
20879,1797.3472,1746.0
20895,1756.382,1743.0
20906,1756.382,1740.0
20918,1672.5237,1737.0
20937,1672.5237,1734.0
20945,1672.5237,1731.0
20962,1621.4375,1728.0
20976,1621.4375,1725.0
20986,1596.8584,1722.0
21003,1596.8584,1719.0
21012,1542.3987,1716.0
21028,1542.3987,1713.0
21042,1512.5181,1710.0
21054,1512.5181,1707.0
21071,1512.5181,1704.0
21080,1514.4458,1701.0
21098,1514.4458,1698.0
21109,1513.0,1695.0
21123,1513.0,1692.0
21140,1500.9514,1689.0
21153,1500.9514,1686.0
21169,1505.7709,1683.0
21180,1505.7709,1680.0
21199,1494.2042,1677.0
21212,1494.2042,1674.0
21225,1494.2042,1671.0
21242,1493.2402,1668.0
21254,1493.2402,1665.0
21270,1492.7583,1662.0
21283,1492.7583,1659.0
21302,1472.0347,1656.0
21319,1453.2389,1653.0
21335,1453.2389,1650.0
21344,1453.2389,1647.0
21363,1433.9612,1644.0
21376,1433.9612,1641.0
21389,1430.1056,1638.0
21407,1430.1056,1635.0
21420,1434.925,1632.0
21438,1434.925,1629.0
21449,1458.0583,1626.0
21469,1458.0583,1623.0
21482,1459.5042,1620.0
21500,1459.5042,1617.0
21513,1443.6,1614.0
21531,1443.6,1611.0
21545,1453.2389,1608.0
21560,1453.2389,1605.0
21577,1460.468,1602.0
21594,1460.468,1599.0
21613,1469.625,1596.0
21630,1470.1069,1593.0
21647,1470.1069,1590.0
21666,1473.4805,1587.0
21680,1473.4805,1584.0
21699,1481.6736,1581.0
21713,1481.6736,1578.0
21729,1492.7583,1575.0
21743,1492.7583,1572.0
21759,1498.0597,1569.0
21774,1498.0597,1566.0
21789,1507.6986,1563.0
21810,1507.6986,1560.0
21836,1506.7347,1557.0
21860,1501.9153,1554.0
21878,1508.6625,1551.0
21895,1508.6625,1548.0
21910,1507.6986,1545.0
21923,1507.6986,1542.0
21940,1494.2042,1539.0
21954,1494.2042,1536.0
21973,1490.8306,1533.0
21982,1490.8306,1530.0
21993,1490.8306,1527.0
22008,1499.0237,1524.0
22020,1499.0237,1521.0
22037,1503.843,1518.0
22048,1503.843,1515.0
22059,1503.843,1512.0
22076,1494.6862,1509.0
22084,1494.6862,1506.0
22101,1485.5292,1503.0
22113,1485.5292,1500.0
22130,1482.1555,1497.0
22140,1482.1555,1494.0
22155,1482.1555,1491.0
22171,1476.8541,1488.0
22179,1476.8541,1485.0
22199,1471.0708,1482.0
22211,1471.0708,1479.0
22227,1473.4805,1476.0
22241,1473.4805,1473.0
22254,1477.8181,1470.0
22268,1477.8181,1467.0
22280,1477.8181,1464.0
22290,1481.1917,1461.0
22304,1481.1917,1458.0
22314,1491.3125,1455.0
22334,1491.3125,1452.0
22351,1481.6736,1449.0
22369,1481.6736,1446.0
22384,1472.9985,1443.0
22398,1472.9985,1440.0
22410,1465.2875,1437.0
22424,1465.2875,1434.0
22439,1457.5764,1431.0
22451,1457.5764,1428.0
22469,1450.8291,1425.0
22481,1450.8291,1422.0
22502,1445.0459,1419.0
22510,1445.0459,1416.0
22529,1445.0459,1413.0
22543,1431.0695,1410.0
22554,1431.0695,1407.0
22572,1419.9847,1404.0
22581,1419.9847,1401.0
22598,1422.8763,1398.0
22613,1422.8763,1395.0
22631,1428.1777,1392.0
22644,1428.1777,1389.0
22662,1440.2263,1386.0
22677,1440.2263,1383.0
22694,1443.6,1380.0
22705,1443.6,1377.0
22721,1429.1416,1374.0
22738,1429.1416,1371.0
22754,1418.5388,1368.0
22770,1418.5388,1365.0
22781,1420.4667,1362.0
22796,1420.4667,1359.0
22805,1420.4667,1356.0
22818,1415.1653,1353.0
22832,1415.1653,1350.0
22853,1400.2251,1347.0
22869,1400.2251,1344.0
22880,1388.1764,1341.0
22896,1388.1764,1338.0
22914,1388.1764,1335.0
22933,1387.6945,1332.0
22945,1387.6945,1329.0
22966,1381.4292,1326.0
22977,1381.4292,1323.0
22996,1375.6459,1320.0
23007,1375.6459,1317.0
23020,1375.6459,1314.0
23037,1364.5612,1311.0
23046,1364.5612,1308.0
23063,1355.4042,1305.0
23077,1355.4042,1302.0
23090,1352.5125,1299.0
23107,1352.5125,1296.0
23118,1352.5125,1293.0
23137,1347.2112,1290.0
23146,1347.2112,1287.0
23162,1331.789,1284.0
23180,1331.789,1281.0
23199,1314.9209,1278.0
23215,1289.3777,1275.0
23236,1289.3777,1272.0
23251,1262.8708,1269.0
23268,1262.8708,1266.0
23281,1260.9431,1263.0
23301,1260.9431,1260.0
23318,1259.4972,1257.0
23333,1259.4972,1254.0
23353,1259.9792,1251.0
23375,1254.6777,1248.0
23395,1254.6777,1245.0
23405,1246.9667,1242.0
23415,1246.9667,1239.0
23432,1246.0027,1236.0
23452,1246.0027,1233.0
23467,1227.689,1230.0
23477,1227.689,1227.0
23494,1217.0862,1224.0
23512,1217.0862,1221.0
23530,1204.0736,1218.0
23544,1204.0736,1215.0
23557,1211.3027,1212.0
23573,1211.3027,1209.0
23583,1211.3027,1206.0
23602,1223.3514,1203.0
23613,1223.3514,1200.0
23627,1224.7972,1197.0
23643,1224.7972,1194.0
23656,1224.3153,1191.0
23676,1224.3153,1188.0
23688,1224.3153,1185.0
23707,1224.3153,1182.0
23718,1219.0139,1179.0
23738,1219.0139,1176.0
23750,1203.5917,1173.0
23765,1203.5917,1170.0
23779,1197.8083,1167.0
23791,1197.8083,1164.0
23807,1196.8445,1161.0
23822,1196.8445,1158.0
23842,1192.5068,1155.0
23855,1192.5068,1152.0
23869,1184.314,1149.0
23892,1184.314,1146.0
23917,1174.675,1143.0
23930,1167.9277,1140.0
23949,1167.9277,1137.0
23961,1155.3972,1134.0
23973,1155.3972,1131.0
23983,1155.3972,1128.0
23996,1153.4695,1125.0
24013,1153.4695,1122.0
24035,1151.5417,1119.0
24048,1151.5417,1116.0
24065,1154.9153,1113.0
24074,1154.9153,1110.0
24083,1161.1805,1107.0
24105,1161.1805,1104.0
24114,1168.8916,1101.0
24129,1168.8916,1098.0
24140,1168.8916,1095.0
24156,1161.6625,1092.0
24174,1161.6625,1089.0
24191,1149.132,1086.0
24206,1136.1194,1083.0
24216,1136.1194,1080.0
24238,1138.5292,1077.0
24249,1138.5292,1074.0
24264,1138.5292,1071.0
24275,1139.0111,1068.0
24288,1139.0111,1065.0
24306,1126.9624,1062.0
24319,1126.9624,1059.0
24334,1125.9985,1056.0
24348,1125.9985,1053.0
24366,1128.8903,1050.0
24385,1128.8903,1047.0
24408,1121.6611,1044.0
24422,1121.6611,1041.0
24443,1114.914,1038.0
24460,1109.1306,1035.0
24474,1109.1306,1032.0
24484,1109.1306,1029.0
24503,1094.6722,1026.0
24513,1094.6722,1023.0
24527,1086.961,1020.0
24543,1086.961,1017.0
24555,1069.6111,1014.0
24573,1069.6111,1011.0
24582,1054.1888,1008.0
24596,1054.1888,1005.0
24610,1038.2847,1002.0
24621,1038.2847,999.0
24637,1038.2847,996.0
24648,1017.5611,993.0
24660,1017.5611,990.0
24671,1000.2111,987.0
24681,1000.2111,984.0
24695,1000.2111,981.0
24709,943.8236,978.0
24722,943.8236,975.0
24734,879.725,972.0
24747,879.725,969.0
24758,879.725,966.0
24769,848.3986,963.0
24781,848.3986,960.0
24797,843.09717,957.0
24814,843.09717,954.0
24830,864.78467,951.0
24844,864.78467,948.0
24865,874.4236,945.0
24878,874.4236,942.0
24888,873.4598,939.0
24912,873.4598,936.0
24928,871.05,933.0
24950,886.95416,930.0
24970,886.95416,927.0
24980,886.95416,924.0
24993,897.075,921.0
25007,897.075,918.0
25023,891.2917,915.0
25040,891.2917,912.0
25053,881.17084,909.0
25072,881.17084,906.0
25086,873.4598,903.0
25100,873.4598,900.0
25111,872.49585,897.0
25126,872.49585,894.0
25143,854.18195,891.0
25160,854.18195,888.0
25177,840.2055,885.0
25193,840.2055,882.0
25210,841.16943,879.0
25219,841.16943,876.0
25240,854.18195,873.0
25250,854.18195,870.0
25263,867.1944,867.0
25273,867.1944,864.0
25282,867.1944,861.0
25298,885.0264,858.0
25313,885.0264,855.0
25324,902.3764,852.0
25342,902.3764,849.0
25354,908.64166,846.0
25373,908.64166,843.0
25386,902.85834,840.0
25404,902.85834,837.0
25417,912.0153,834.0
25435,912.0153,831.0
25456,919.7264,828.0
25471,919.7264,825.0
25481,923.582,822.0
25496,923.582,819.0
25509,912.0153,816.0
25524,912.0153,813.0
25539,912.0153,810.0
25550,908.1597,807.0
25563,908.1597,804.0
25575,901.8944,801.0
25583,901.8944,798.0
25595,901.8944,795.0
25612,890.80975,792.0
25624,890.80975,789.0
25642,894.18335,786.0
25651,894.18335,783.0
25666,885.50836,780.0
25682,885.50836,777.0
25695,872.9778,774.0
25714,872.9778,771.0
25728,868.1583,768.0
25745,868.1583,765.0
25759,859.00134,762.0
25776,859.00134,759.0
25787,855.62775,756.0
25806,855.62775,753.0
25818,855.62775,750.0
25833,858.03754,747.0
25844,858.03754,744.0
25856,856.5917,741.0
25872,856.5917,738.0
25888,854.6638,735.0
25900,854.6638,732.0
25919,848.8805,729.0
25940,848.8805,726.0
25951,845.50696,723.0
25969,845.50696,720.0
25978,837.31384,717.0
25989,837.31384,714.0
26013,826.2291,711.0
26028,826.2291,708.0
26037,814.6625,705.0
26045,814.6625,702.0
26059,814.6625,699.0
26073,817.5541,696.0
26082,817.5541,693.0
26096,817.5541,690.0
26113,814.6625,687.0
26123,814.6625,684.0
26142,797.79443,681.0
26153,797.79443,678.0
26171,771.7694,675.0
26183,771.7694,672.0
26200,753.45557,669.0
26207,753.45557,666.0
26221,753.45557,663.0
26240,745.7444,660.0
26252,745.7444,657.0
26266,746.2263,654.0
26276,746.2263,651.0
26289,728.3944,648.0
26304,728.3944,645.0
26318,690.3208,642.0
26331,690.3208,639.0
26340,690.3208,636.0
26354,673.9347,633.0
26371,673.9347,630.0
26388,667.1875,627.0
26401,667.1875,624.0
26412,645.01807,621.0
26422,645.01807,618.0
26445,632.0055,615.0
26468,632.0055,612.0
26481,618.99304,609.0
26495,618.99304,606.0
26509,604.05286,603.0
26521,604.05286,600.0
26542,601.16113,597.0
26552,601.16113,594.0
26565,586.2208,591.0
26577,586.2208,588.0
26586,586.2208,585.0
26607,552.48474,582.0
26618,552.48474,579.0
26634,1087.4431,576.0
26648,1087.4431,573.0
26661,1533.7236,570.0
26678,1533.7236,567.0
26691,1562.6403,564.0
26709,1562.6403,561.0
26721,1564.086,558.0
26734,1564.086,555.0
26748,1564.086,552.0
26761,1531.7959,549.0
26776,1531.7959,546.0
26787,569.3528,543.0
26805,569.3528,540.0
26819,492.24158,537.0
26832,492.24158,534.0
26843,501.8805,531.0
26855,501.8805,528.0
26873,509.10974,525.0
26884,509.10974,522.0
26899,509.10974,519.0
26909,513.44714,516.0
26922,513.44714,513.0
26935,513.44714,510.0
26953,526.94165,507.0
26968,523.568,504.0
26977,523.568,501.0
26988,523.568,498.0
27007,495.1333,495.0
27025,495.1333,492.0
27038,470.5542,489.0
27048,470.5542,486.0
27064,476.33752,483.0
27076,476.33752,480.0
27087,476.33752,477.0
27106,482.12085,474.0
27117,482.12085,471.0
27131,466.6986,468.0
27144,466.6986,465.0
27155,474.8916,462.0
27174,474.8916,459.0
27185,518.2667,456.0
27201,518.2667,453.0
27214,530.7971,450.0
27223,530.7971,447.0
27241,530.7971,444.0
27251,526.94165,441.0
27264,526.94165,438.0
27279,534.1709,435.0
27290,534.1709,432.0
27306,534.1709,429.0
27322,545.2556,426.0
27337,545.2556,423.0
27348,517.30273,420.0
27360,517.30273,417.0
27375,488.3861,414.0
27388,488.3861,411.0
27406,499.95276,408.0
27419,499.95276,405.0
27434,515.85693,402.0
27447,515.85693,399.0
27459,515.85693,396.0
27480,510.0736,393.0
27499,521.64026,390.0
27508,521.64026,387.0
27523,521.64026,384.0
27543,509.59167,381.0
27564,500.4347,378.0
27574,500.4347,375.0
27582,500.4347,372.0
27602,502.36243,369.0
27613,502.36243,366.0
27625,501.39868,363.0
27639,501.39868,360.0
27653,498.50696,357.0
27669,498.50696,354.0
27684,515.375,351.0
27695,515.375,348.0
27713,511.5194,345.0
27723,511.5194,342.0
27742,504.77222,339.0
27753,504.77222,336.0
27766,504.77222,333.0
27776,497.06116,330.0
27791,497.06116,327.0
27802,497.06116,324.0
27815,497.06116,321.0
27828,497.06116,318.0
27840,489.34998,315.0
27853,489.34998,312.0
27869,490.31384,309.0
27883,490.31384,306.0
27897,509.10974,303.0
27914,509.10974,300.0
27923,509.10974,297.0
27942,503.80823,294.0
27952,503.80823,291.0
27964,496.5791,288.0
27981,496.5791,285.0
27993,492.72363,282.0
28003,492.72363,279.0
28017,492.72363,276.0
28027,478.7472,273.0
28047,478.7472,270.0
28065,467.18054,267.0
28076,467.18054,264.0
28093,455.6139,261.0
28105,455.6139,258.0
28124,447.42078,255.0
28137,447.42078,252.0
28146,446.93896,249.0
28162,446.93896,246.0
28177,436.33606,243.0
28189,436.33606,240.0
28209,414.64856,237.0
28218,414.64856,234.0
28232,414.64856,231.0
28247,391.9972,228.0
28260,391.9972,225.0
28273,383.80408,222.0
28288,383.80408,219.0
28302,395.85278,216.0
28315,395.85278,213.0
28328,395.85278,210.0
28343,398.7445,207.0
28354,398.7445,204.0
28373,365.9723,201.0
28388,365.9723,198.0
28401,356.8152,195.0
28417,356.8152,192.0
28433,353.44165,189.0
28446,353.44165,186.0
28459,344.76672,183.0
28479,344.76672,180.0
28490,327.41663,177.0
28514,327.41663,174.0
28540,319.22363,171.0
28552,334.64587,168.0
28567,334.64587,165.0
28583,322.11523,162.0
28597,322.11523,159.0
28615,302.35547,156.0
28624,302.35547,153.0
28640,302.35547,150.0
28654,297.0542,147.0
28668,297.0542,144.0
28684,279.22217,141.0
28698,279.22217,138.0
28713,256.5708,135.0
28727,256.5708,132.0
28738,253.19727,129.0
28752,253.19727,126.0
28766,259.94446,123.0
28781,259.94446,126.0
28792,259.94446,129.0
28807,249.82361,132.0
28818,249.82361,135.0
28833,245.96802,138.0
28846,245.96802,141.0
28858,246.93188,144.0
28872,246.93188,147.0
28885,246.93188,150.0
28900,271.99304,153.0
28916,271.99304,156.0
28928,276.8125,159.0
28941,276.8125,162.0
28953,288.37927,165.0
28968,288.37927,168.0
28989,311.51257,171.0
29003,311.51257,174.0
29020,305.72925,177.0
29037,305.72925,180.0
29054,306.21106,183.0
29075,295.12634,186.0
29085,295.12634,189.0
29099,295.12634,192.0
29114,291.27087,195.0
29125,291.27087,198.0
29136,294.6444,201.0
29152,294.6444,204.0
29165,294.6444,207.0
29182,297.53613,210.0
29201,323.56104,213.0
29214,323.56104,216.0
29228,331.27222,219.0
29237,331.27222,222.0
29252,331.27222,225.0
29268,339.94727,228.0
29282,339.94727,231.0
29299,379.9486,234.0
29314,379.9486,237.0
29325,394.88892,240.0
29344,394.88892,243.0
29354,406.9375,246.0
29369,406.9375,249.0
29382,406.9375,252.0
29394,421.8778,255.0
29412,421.8778,258.0
29420,452.7223,261.0
29438,452.7223,264.0
29454,476.33752,267.0
29470,476.33752,270.0
29489,498.0249,273.0
29500,498.0249,276.0
29515,511.5194,279.0
29526,511.5194,282.0
29546,497.06116,285.0
29557,497.06116,288.0
29571,481.63892,291.0
29592,481.63892,294.0
29609,476.33752,297.0
29619,476.33752,300.0
29629,476.33752,303.0
29648,476.81946,306.0
29657,476.81946,309.0
29671,471.51807,312.0
29682,471.51807,315.0
29702,460.91528,318.0
29714,460.91528,321.0
29724,460.91528,324.0
29740,478.26538,327.0
29750,478.26538,330.0
29772,495.1333,333.0
29784,495.1333,336.0
29798,513.9292,339.0
29812,513.9292,342.0
29821,536.58057,345.0
29842,536.58057,348.0
29852,576.5819,351.0
29866,576.5819,354.0
29884,614.6555,357.0
29896,614.6555,360.0
29915,616.5834,363.0
29929,616.5834,366.0
29944,602.60693,369.0
29956,602.60693,372.0
29970,602.60693,375.0
29987,596.8236,378.0
30003,596.8236,381.0
